{
    "loss": 2.0913927512028954,
    "accuracy": 34.472750725572396
}